,北海道,青森県,岩手県,宮城県,秋田県,山形県,福島県,茨城県,栃木県,群馬県,埼玉県,千葉県,東京都,神奈川県,新潟県,富山県,石川県,福井県,山梨県,長野県,岐阜県,静岡県,愛知県,三重県,滋賀県,京都府,大阪府,兵庫県,奈良県,和歌山県,鳥取県,島根県,岡山県,広島県,山口県,徳島県,香川県,愛媛県,高知県,福岡県,佐賀県,長崎県,熊本県,大分県,宮崎県,鹿児島県,沖縄県
0,北海道札幌市,青森県青森市,岩手県盛岡市,宮城県仙台市,秋田県秋田市,山形県山形市,福島県福島市,茨城県水戸市,栃木県宇都宮市,群馬県前橋市,埼玉県さいたま市,千葉県千葉市,東京都千代田区,神奈川県横浜市,新潟県新潟市,富山県富山市,石川県金沢市,福井県福井市,山梨県甲府市,長野県長野市,岐阜県岐阜市,静岡県静岡市,愛知県名古屋市,三重県津市,滋賀県大津市,京都府京都市,大阪府大阪市,兵庫県神戸市,奈良県奈良市,和歌山県和歌山市,鳥取県鳥取市,島根県松江市,岡山県岡山市,広島県広島市,山口県下関市,徳島県徳島市,香川県高松市,愛媛県松山市,高知県高知市,福岡県北九州市,佐賀県佐賀市,長崎県長崎市,熊本県熊本市,大分県大分市,宮崎県宮崎市,鹿児島県鹿児島市,沖縄県那覇市
1,北海道函館市,青森県弘前市,岩手県宮古市,宮城県石巻市,秋田県能代市,山形県米沢市,福島県会津若松市,茨城県日立市,栃木県足利市,群馬県高崎市,埼玉県川越市,千葉県銚子市,東京都中央区,神奈川県川崎市,新潟県長岡市,富山県高岡市,石川県七尾市,福井県敦賀市,山梨県富士吉田市,長野県松本市,岐阜県大垣市,静岡県浜松市,愛知県豊橋市,三重県四日市市,滋賀県彦根市,京都府福知山市,大阪府堺市,兵庫県姫路市,奈良県大和高田市,和歌山県海南市,鳥取県米子市,島根県浜田市,岡山県倉敷市,広島県呉市,山口県宇部市,徳島県鳴門市,香川県丸亀市,愛媛県今治市,高知県室戸市,福岡県福岡市,佐賀県唐津市,長崎県佐世保市,熊本県八代市,大分県別府市,宮崎県都城市,鹿児島県鹿屋市,沖縄県宜野湾市
2,北海道小樽市,青森県八戸市,岩手県大船渡市,宮城県塩竈市,秋田県横手市,山形県鶴岡市,福島県郡山市,茨城県土浦市,栃木県栃木市,群馬県桐生市,埼玉県熊谷市,千葉県市川市,東京都港区,神奈川県相模原市,新潟県三条市,富山県魚津市,石川県小松市,福井県小浜市,山梨県都留市,長野県上田市,岐阜県高山市,静岡県沼津市,愛知県岡崎市,三重県伊勢市,滋賀県長浜市,京都府舞鶴市,大阪府岸和田市,兵庫県尼崎市,奈良県大和郡山市,和歌山県橋本市,鳥取県倉吉市,島根県出雲市,岡山県津山市,広島県竹原市,山口県山口市,徳島県小松島市,香川県坂出市,愛媛県宇和島市,高知県安芸市,福岡県大牟田市,佐賀県鳥栖市,長崎県島原市,熊本県人吉市,大分県中津市,宮崎県延岡市,鹿児島県枕崎市,沖縄県石垣市
3,北海道旭川市,青森県黒石市,岩手県花巻市,宮城県気仙沼市,秋田県大館市,山形県酒田市,福島県いわき市,茨城県古河市,栃木県佐野市,群馬県伊勢崎市,埼玉県川口市,千葉県船橋市,東京都新宿区,神奈川県横須賀市,新潟県柏崎市,富山県氷見市,石川県輪島市,福井県大野市,山梨県山梨市,長野県岡谷市,岐阜県多治見市,静岡県熱海市,愛知県一宮市,三重県松阪市,滋賀県近江八幡市,京都府綾部市,大阪府豊中市,兵庫県明石市,奈良県天理市,和歌山県有田市,鳥取県境港市,島根県益田市,岡山県玉野市,広島県三原市,山口県萩市,徳島県阿南市,香川県善通寺市,愛媛県八幡浜市,高知県南国市,福岡県久留米市,佐賀県多久市,長崎県諫早市,熊本県荒尾市,大分県日田市,宮崎県日南市,鹿児島県阿久根市,沖縄県浦添市
4,北海道室蘭市,青森県五所川原市,岩手県北上市,宮城県白石市,秋田県男鹿市,山形県新庄市,福島県白河市,茨城県石岡市,栃木県鹿沼市,群馬県太田市,埼玉県行田市,千葉県館山市,東京都文京区,神奈川県平塚市,新潟県新発田市,富山県滑川市,石川県珠洲市,福井県勝山市,山梨県大月市,長野県飯田市,岐阜県関市,静岡県三島市,愛知県瀬戸市,三重県桑名市,滋賀県草津市,京都府宇治市,大阪府池田市,兵庫県西宮市,奈良県橿原市,和歌山県御坊市,鳥取県岩美町,島根県大田市,岡山県笠岡市,広島県尾道市,山口県防府市,徳島県吉野川市,香川県観音寺市,愛媛県新居浜市,高知県土佐市,福岡県直方市,佐賀県伊万里市,長崎県大村市,熊本県水俣市,大分県佐伯市,宮崎県小林市,鹿児島県出水市,沖縄県名護市
5,北海道釧路市,青森県十和田市,岩手県久慈市,宮城県名取市,秋田県湯沢市,山形県寒河江市,福島県須賀川市,茨城県結城市,栃木県日光市,群馬県沼田市,埼玉県秩父市,千葉県木更津市,東京都台東区,神奈川県鎌倉市,新潟県小千谷市,富山県黒部市,石川県加賀市,福井県鯖江市,山梨県韮崎市,長野県諏訪市,岐阜県中津川市,静岡県富士宮市,愛知県半田市,三重県鈴鹿市,滋賀県守山市,京都府宮津市,大阪府吹田市,兵庫県洲本市,奈良県桜井市,和歌山県田辺市,鳥取県若桜町,島根県安来市,岡山県井原市,広島県福山市,山口県下松市,徳島県阿波市,香川県さぬき市,愛媛県西条市,高知県須崎市,福岡県飯塚市,佐賀県武雄市,長崎県平戸市,熊本県玉名市,大分県臼杵市,宮崎県日向市,鹿児島県指宿市,沖縄県糸満市
6,北海道帯広市,青森県三沢市,岩手県遠野市,宮城県角田市,秋田県鹿角市,山形県上山市,福島県喜多方市,茨城県龍ケ崎市,栃木県小山市,群馬県館林市,埼玉県所沢市,千葉県松戸市,東京都墨田区,神奈川県藤沢市,新潟県加茂市,富山県砺波市,石川県羽咋市,福井県あわら市,山梨県南アルプス市,長野県須坂市,岐阜県美濃市,静岡県伊東市,愛知県春日井市,三重県名張市,滋賀県栗東市,京都府亀岡市,大阪府泉大津市,兵庫県芦屋市,奈良県五條市,和歌山県新宮市,鳥取県智頭町,島根県江津市,岡山県総社市,広島県府中市,山口県岩国市,徳島県美馬市,香川県東かがわ市,愛媛県大洲市,高知県宿毛市,福岡県田川市,佐賀県鹿島市,長崎県松浦市,熊本県山鹿市,大分県津久見市,宮崎県串間市,鹿児島県西之表市,沖縄県沖縄市
7,北海道北見市,青森県むつ市,岩手県一関市,宮城県多賀城市,秋田県由利本荘市,山形県村山市,福島県相馬市,茨城県下妻市,栃木県真岡市,群馬県渋川市,埼玉県飯能市,千葉県野田市,東京都江東区,神奈川県小田原市,新潟県十日町市,富山県小矢部市,石川県かほく市,福井県越前市,山梨県北杜市,長野県小諸市,岐阜県瑞浪市,静岡県島田市,愛知県豊川市,三重県尾鷲市,滋賀県甲賀市,京都府城陽市,大阪府高槻市,兵庫県伊丹市,奈良県御所市,和歌山県紀の川市,鳥取県八頭町,島根県雲南市,岡山県高梁市,広島県三次市,山口県光市,徳島県三好市,香川県三豊市,愛媛県伊予市,高知県土佐清水市,福岡県柳川市,佐賀県小城市,長崎県対馬市,熊本県菊池市,大分県竹田市,宮崎県西都市,鹿児島県垂水市,沖縄県豊見城市
8,北海道夕張市,青森県つがる市,岩手県陸前高田市,宮城県岩沼市,秋田県潟上市,山形県長井市,福島県二本松市,茨城県常総市,栃木県大田原市,群馬県藤岡市,埼玉県加須市,千葉県茂原市,東京都品川区,神奈川県茅ヶ崎市,新潟県見附市,富山県南砺市,石川県白山市,福井県坂井市,山梨県甲斐市,長野県伊那市,岐阜県羽島市,静岡県富士市,愛知県津島市,三重県亀山市,滋賀県野洲市,京都府向日市,大阪府貝塚市,兵庫県相生市,奈良県生駒市,和歌山県岩出市,鳥取県三朝町,島根県奥出雲町,岡山県新見市,広島県庄原市,山口県長門市,徳島県勝浦町,香川県土庄町,愛媛県四国中央市,高知県四万十市,福岡県八女市,佐賀県嬉野市,長崎県壱岐市,熊本県宇土市,大分県豊後高田市,宮崎県えびの市,鹿児島県薩摩川内市,沖縄県うるま市
9,北海道岩見沢市,青森県平川市,岩手県釜石市,宮城県登米市,秋田県大仙市,山形県天童市,福島県田村市,茨城県常陸太田市,栃木県矢板市,群馬県富岡市,埼玉県本庄市,千葉県成田市,東京都目黒区,神奈川県逗子市,新潟県村上市,富山県射水市,石川県能美市,福井県永平寺町,山梨県笛吹市,長野県駒ヶ根市,岐阜県恵那市,静岡県磐田市,愛知県碧南市,三重県鳥羽市,滋賀県湖南市,京都府長岡京市,大阪府守口市,兵庫県豊岡市,奈良県香芝市,和歌山県紀美野町,鳥取県湯梨浜町,島根県飯南町,岡山県備前市,広島県大竹市,山口県柳井市,徳島県上勝町,香川県小豆島町,愛媛県西予市,高知県香南市,福岡県筑後市,佐賀県神埼市,長崎県五島市,熊本県上天草市,大分県杵築市,宮崎県三股町,鹿児島県日置市,沖縄県宮古島市
10,北海道網走市,青森県平内町,岩手県二戸市,宮城県栗原市,秋田県北秋田市,山形県東根市,福島県南相馬市,茨城県高萩市,栃木県那須塩原市,群馬県安中市,埼玉県東松山市,千葉県佐倉市,東京都大田区,神奈川県三浦市,新潟県燕市,富山県舟橋村,石川県野々市市,福井県池田町,山梨県上野原市,長野県中野市,岐阜県美濃加茂市,静岡県焼津市,愛知県刈谷市,三重県熊野市,滋賀県高島市,京都府八幡市,大阪府枚方市,兵庫県加古川市,奈良県葛城市,和歌山県かつらぎ町,鳥取県琴浦町,島根県川本町,岡山県瀬戸内市,広島県東広島市,山口県美祢市,徳島県佐那河内村,香川県三木町,愛媛県東温市,高知県香美市,福岡県大川市,佐賀県吉野ヶ里町,長崎県西海市,熊本県宇城市,大分県宇佐市,宮崎県高原町,鹿児島県曽於市,沖縄県南城市
11,北海道留萌市,青森県今別町,岩手県八幡平市,宮城県東松島市,秋田県にかほ市,山形県尾花沢市,福島県伊達市,茨城県北茨城市,栃木県さくら市,群馬県みどり市,埼玉県春日部市,千葉県東金市,東京都世田谷区,神奈川県秦野市,新潟県糸魚川市,富山県上市町,石川県川北町,福井県南越前町,山梨県甲州市,長野県大町市,岐阜県土岐市,静岡県掛川市,愛知県豊田市,三重県いなべ市,滋賀県東近江市,京都府京田辺市,大阪府茨木市,兵庫県赤穂市,奈良県宇陀市,和歌山県九度山町,鳥取県北栄町,島根県美郷町,岡山県赤磐市,広島県廿日市市,山口県周南市,徳島県石井町,香川県直島町,愛媛県上島町,高知県東洋町,福岡県行橋市,佐賀県基山町,長崎県雲仙市,熊本県阿蘇市,大分県豊後大野市,宮崎県国富町,鹿児島県霧島市,沖縄県国頭村
12,北海道苫小牧市,青森県蓬田村,岩手県奥州市,宮城県大崎市,秋田県仙北市,山形県南陽市,福島県本宮市,茨城県笠間市,栃木県那須烏山市,群馬県榛東村,埼玉県狭山市,千葉県旭市,東京都渋谷区,神奈川県厚木市,新潟県妙高市,富山県立山町,石川県津幡町,福井県越前町,山梨県中央市,長野県飯山市,岐阜県各務原市,静岡県藤枝市,愛知県安城市,三重県志摩市,滋賀県米原市,京都府京丹後市,大阪府八尾市,兵庫県西脇市,奈良県山添村,和歌山県高野町,鳥取県日吉津村,島根県邑南町,岡山県真庭市,広島県安芸高田市,山口県山陽小野田市,徳島県神山町,香川県宇多津町,愛媛県久万高原町,高知県奈半利町,福岡県豊前市,佐賀県上峰町,長崎県南島原市,熊本県天草市,大分県由布市,宮崎県綾町,鹿児島県いちき串木野市,沖縄県大宜味村
13,北海道稚内市,青森県外ヶ浜町,岩手県滝沢市,宮城県富谷市,秋田県小坂町,山形県山辺町,福島県桑折町,茨城県取手市,栃木県下野市,群馬県吉岡町,埼玉県羽生市,千葉県習志野市,東京都中野区,神奈川県大和市,新潟県五泉市,富山県入善町,石川県内灘町,福井県美浜町,山梨県市川三郷町,長野県茅野市,岐阜県可児市,静岡県御殿場市,愛知県西尾市,三重県伊賀市,滋賀県日野町,京都府南丹市,大阪府泉佐野市,兵庫県宝塚市,奈良県平群町,和歌山県湯浅町,鳥取県大山町,島根県津和野町,岡山県美作市,広島県江田島市,山口県周防大島町,徳島県那賀町,香川県綾川町,愛媛県松前町,高知県田野町,福岡県中間市,佐賀県みやき町,長崎県長与町,熊本県合志市,大分県国東市,宮崎県高鍋町,鹿児島県南さつま市,沖縄県東村
14,北海道美唄市,青森県鰺ヶ沢町,岩手県雫石町,宮城県蔵王町,秋田県上小阿仁村,山形県中山町,福島県国見町,茨城県牛久市,栃木県上三川町,群馬県上野村,埼玉県鴻巣市,千葉県柏市,東京都杉並区,神奈川県伊勢原市,新潟県上越市,富山県朝日町,石川県志賀町,福井県高浜町,山梨県早川町,長野県塩尻市,岐阜県山県市,静岡県袋井市,愛知県蒲郡市,三重県木曽岬町,滋賀県竜王町,京都府木津川市,大阪府富田林市,兵庫県三木市,奈良県三郷町,和歌山県広川町,鳥取県南部町,島根県吉賀町,岡山県浅口市,広島県府中町,山口県和木町,徳島県牟岐町,香川県琴平町,愛媛県砥部町,高知県安田町,福岡県小郡市,佐賀県玄海町,長崎県時津町,熊本県美里町,大分県姫島村,宮崎県新富町,鹿児島県志布志市,沖縄県今帰仁村
15,北海道芦別市,青森県深浦町,岩手県葛巻町,宮城県七ヶ宿町,秋田県藤里町,山形県河北町,福島県川俣町,茨城県つくば市,栃木県益子町,群馬県神流町,埼玉県深谷市,千葉県勝浦市,東京都豊島区,神奈川県海老名市,新潟県阿賀野市,,石川県宝達志水町,福井県おおい町,山梨県身延町,長野県佐久市,岐阜県瑞穂市,静岡県下田市,愛知県犬山市,三重県東員町,滋賀県愛荘町,京都府大山崎町,大阪府寝屋川市,兵庫県高砂市,奈良県斑鳩町,和歌山県有田川町,鳥取県伯耆町,島根県海士町,岡山県和気町,広島県海田町,山口県上関町,徳島県美波町,香川県多度津町,愛媛県内子町,高知県北川村,福岡県筑紫野市,佐賀県有田町,長崎県東彼杵町,熊本県玉東町,大分県日出町,宮崎県西米良村,鹿児島県奄美市,沖縄県本部町
16,北海道江別市,青森県西目屋村,岩手県岩手町,宮城県大河原町,秋田県三種町,山形県西川町,福島県大玉村,茨城県ひたちなか市,栃木県茂木町,群馬県下仁田町,埼玉県上尾市,千葉県市原市,東京都北区,神奈川県座間市,新潟県佐渡市,,石川県中能登町,福井県若狭町,山梨県南部町,長野県千曲市,岐阜県飛騨市,静岡県裾野市,愛知県常滑市,三重県菰野町,滋賀県豊郷町,京都府久御山町,大阪府河内長野市,兵庫県川西市,奈良県安堵町,和歌山県美浜町,鳥取県日南町,島根県西ノ島町,岡山県早島町,広島県熊野町,山口県田布施町,徳島県海陽町,香川県まんのう町,愛媛県伊方町,高知県馬路村,福岡県春日市,佐賀県大町町,長崎県川棚町,熊本県南関町,大分県九重町,宮崎県木城町,鹿児島県南九州市,沖縄県恩納村
17,北海道赤平市,青森県藤崎町,岩手県紫波町,宮城県村田町,秋田県八峰町,山形県朝日町,福島県鏡石町,茨城県鹿嶋市,栃木県市貝町,群馬県南牧村,埼玉県草加市,千葉県流山市,東京都荒川区,神奈川県南足柄市,新潟県魚沼市,,石川県穴水町,,山梨県富士川町,長野県東御市,岐阜県本巣市,静岡県湖西市,愛知県江南市,三重県朝日町,滋賀県甲良町,京都府井手町,大阪府松原市,兵庫県小野市,奈良県川西町,和歌山県日高町,鳥取県日野町,島根県知夫村,岡山県里庄町,広島県坂町,山口県平生町,徳島県松茂町,,愛媛県松野町,高知県芸西村,福岡県大野城市,佐賀県江北町,長崎県波佐見町,熊本県長洲町,大分県玖珠町,宮崎県川南町,鹿児島県伊佐市,沖縄県宜野座村
18,北海道紋別市,青森県大鰐町,岩手県矢巾町,宮城県柴田町,秋田県五城目町,山形県大江町,福島県天栄村,茨城県潮来市,栃木県芳賀町,群馬県甘楽町,埼玉県越谷市,千葉県八千代市,東京都板橋区,神奈川県綾瀬市,新潟県南魚沼市,,石川県能登町,,山梨県昭和町,長野県安曇野市,岐阜県郡上市,静岡県伊豆市,愛知県小牧市,三重県川越町,滋賀県多賀町,京都府宇治田原町,大阪府大東市,兵庫県三田市,奈良県三宅町,和歌山県由良町,鳥取県江府町,島根県隠岐の島町,岡山県矢掛町,広島県安芸太田町,山口県阿武町,徳島県北島町,,愛媛県鬼北町,高知県本山町,福岡県宗像市,佐賀県白石町,長崎県小値賀町,熊本県和水町,,宮崎県都農町,鹿児島県姶良市,沖縄県金武町
19,北海道士別市,青森県田舎館村,岩手県西和賀町,宮城県川崎町,秋田県八郎潟町,山形県大石田町,福島県下郷町,茨城県守谷市,栃木県壬生町,群馬県中之条町,埼玉県蕨市,千葉県我孫子市,東京都練馬区,神奈川県葉山町,新潟県胎内市,,,,山梨県道志村,長野県小海町,岐阜県下呂市,静岡県御前崎市,愛知県稲沢市,三重県多気町,,京都府笠置町,大阪府和泉市,兵庫県加西市,奈良県田原本町,和歌山県印南町,,,岡山県新庄村,広島県北広島町,,徳島県藍住町,,愛媛県愛南町,高知県大豊町,福岡県太宰府市,佐賀県太良町,長崎県佐々町,熊本県大津町,,宮崎県門川町,鹿児島県三島村,沖縄県伊江村
20,北海道名寄市,青森県板柳町,岩手県金ケ崎町,宮城県丸森町,秋田県井川町,山形県金山町,福島県檜枝岐村,茨城県常陸大宮市,栃木県野木町,群馬県長野原町,埼玉県戸田市,千葉県鴨川市,東京都足立区,神奈川県寒川町,新潟県聖籠町,,,,山梨県西桂町,長野県川上村,岐阜県海津市,静岡県菊川市,愛知県新城市,三重県明和町,,京都府和束町,大阪府箕面市,兵庫県養父市,奈良県曽爾村,和歌山県みなべ町,,,岡山県鏡野町,広島県大崎上島町,,徳島県板野町,,,高知県土佐町,福岡県古賀市,,長崎県新上五島町,熊本県菊陽町,,宮崎県諸塚村,鹿児島県十島村,沖縄県読谷村
21,北海道三笠市,青森県鶴田町,岩手県平泉町,宮城県亘理町,秋田県大潟村,山形県最上町,福島県只見町,茨城県那珂市,栃木県塩谷町,群馬県嬬恋村,埼玉県入間市,千葉県鎌ケ谷市,東京都葛飾区,神奈川県大磯町,新潟県弥彦村,,,,山梨県忍野村,長野県南牧村,岐阜県岐南町,静岡県伊豆の国市,愛知県東海市,三重県大台町,,京都府精華町,大阪府柏原市,兵庫県丹波市,奈良県御杖村,和歌山県日高川町,,,岡山県勝央町,広島県世羅町,,徳島県上板町,,,高知県大川村,福岡県福津市,,,熊本県南小国町,,宮崎県椎葉村,鹿児島県さつま町,沖縄県嘉手納町
22,北海道根室市,青森県中泊町,岩手県住田町,宮城県山元町,秋田県美郷町,山形県舟形町,福島県南会津町,茨城県筑西市,栃木県高根沢町,群馬県草津町,埼玉県朝霞市,千葉県君津市,東京都江戸川区,神奈川県二宮町,新潟県田上町,,,,山梨県山中湖村,長野県南相木村,岐阜県笠松町,静岡県牧之原市,愛知県大府市,三重県玉城町,,京都府南山城村,大阪府羽曳野市,兵庫県南あわじ市,奈良県高取町,和歌山県白浜町,,,岡山県奈義町,広島県神石高原町,,徳島県つるぎ町,,,高知県いの町,福岡県うきは市,,,熊本県小国町,,宮崎県美郷町,鹿児島県長島町,沖縄県北谷町
23,北海道千歳市,青森県野辺地町,岩手県大槌町,宮城県松島町,秋田県羽後町,山形県真室川町,福島県北塩原村,茨城県坂東市,栃木県那須町,群馬県高山村,埼玉県志木市,千葉県富津市,東京都八王子市,神奈川県中井町,新潟県阿賀町,,,,山梨県鳴沢村,長野県北相木村,岐阜県養老町,静岡県東伊豆町,愛知県知多市,三重県度会町,,京都府京丹波町,大阪府門真市,兵庫県朝来市,奈良県明日香村,和歌山県上富田町,,,岡山県西粟倉村,,,徳島県東みよし町,,,高知県仁淀川町,福岡県宮若市,,,熊本県産山村,,宮崎県高千穂町,鹿児島県湧水町,沖縄県北中城村
24,北海道滝川市,青森県七戸町,岩手県山田町,宮城県七ヶ浜町,秋田県東成瀬村,山形県大蔵村,福島県西会津町,茨城県稲敷市,栃木県那珂川町,群馬県東吾妻町,埼玉県和光市,千葉県浦安市,東京都立川市,神奈川県大井町,新潟県出雲崎町,,,,山梨県富士河口湖町,長野県佐久穂町,岐阜県垂井町,静岡県河津町,愛知県知立市,三重県大紀町,,京都府伊根町,大阪府摂津市,兵庫県淡路市,奈良県上牧町,和歌山県すさみ町,,,岡山県久米南町,,,,,,高知県中土佐町,福岡県嘉麻市,,,熊本県高森町,,宮崎県日之影町,鹿児島県大崎町,沖縄県中城村
25,北海道砂川市,青森県六戸町,岩手県岩泉町,宮城県利府町,,山形県鮭川村,福島県磐梯町,茨城県かすみがうら市,,群馬県片品村,埼玉県新座市,千葉県四街道市,東京都武蔵野市,神奈川県松田町,新潟県湯沢町,,,,山梨県小菅村,長野県軽井沢町,岐阜県関ケ原町,静岡県南伊豆町,愛知県尾張旭市,三重県南伊勢町,,京都府与謝野町,大阪府高石市,兵庫県宍粟市,奈良県王寺町,和歌山県那智勝浦町,,,岡山県美咲町,,,,,,高知県佐川町,福岡県朝倉市,,,熊本県西原村,,宮崎県五ヶ瀬町,鹿児島県東串良町,沖縄県西原町
26,北海道歌志内市,青森県横浜町,岩手県田野畑村,宮城県大和町,,山形県戸沢村,福島県猪苗代町,茨城県桜川市,,群馬県川場村,埼玉県桶川市,千葉県袖ケ浦市,東京都三鷹市,神奈川県山北町,新潟県津南町,,,,山梨県丹波山村,長野県御代田町,岐阜県神戸町,静岡県松崎町,愛知県高浜市,三重県紀北町,,,大阪府藤井寺市,兵庫県加東市,奈良県広陵町,和歌山県太地町,,,岡山県吉備中央町,,,,,,高知県越知町,福岡県みやま市,,,熊本県南阿蘇村,,,鹿児島県錦江町,沖縄県与那原町
27,北海道深川市,青森県東北町,岩手県普代村,宮城県大郷町,,山形県高畠町,福島県会津坂下町,茨城県神栖市,,群馬県昭和村,埼玉県久喜市,千葉県八街市,東京都青梅市,神奈川県開成町,新潟県刈羽村,,,,,長野県立科町,岐阜県輪之内町,静岡県西伊豆町,愛知県岩倉市,三重県御浜町,,,大阪府東大阪市,兵庫県たつの市,奈良県河合町,和歌山県古座川町,,,,,,,,,高知県梼原町,福岡県糸島市,,,熊本県御船町,,,鹿児島県南大隅町,沖縄県南風原町
28,北海道富良野市,青森県六ヶ所村,岩手県軽米町,宮城県大衡村,,山形県川西町,福島県湯川村,茨城県行方市,,群馬県みなかみ町,埼玉県北本市,千葉県印西市,東京都府中市,神奈川県箱根町,新潟県関川村,,,,,長野県青木村,岐阜県安八町,静岡県函南町,愛知県豊明市,三重県紀宝町,,,大阪府泉南市,兵庫県猪名川町,奈良県吉野町,和歌山県北山村,,,,,,,,,高知県日高村,福岡県那珂川市,,,熊本県嘉島町,,,鹿児島県肝付町,沖縄県渡嘉敷村
29,北海道登別市,青森県おいらせ町,岩手県野田村,宮城県色麻町,,山形県小国町,福島県柳津町,茨城県鉾田市,,群馬県玉村町,埼玉県八潮市,千葉県白井市,東京都昭島市,神奈川県真鶴町,新潟県粟島浦村,,,,,長野県長和町,岐阜県揖斐川町,静岡県清水町,愛知県日進市,,,,大阪府四條畷市,兵庫県多可町,奈良県大淀町,和歌山県串本町,,,,,,,,,高知県津野町,福岡県宇美町,,,熊本県益城町,,,鹿児島県中種子町,沖縄県座間味村
30,北海道恵庭市,青森県大間町,岩手県九戸村,宮城県加美町,,山形県白鷹町,福島県三島町,茨城県つくばみらい市,,群馬県板倉町,埼玉県富士見市,千葉県富里市,東京都調布市,神奈川県湯河原町,,,,,,長野県下諏訪町,岐阜県大野町,静岡県長泉町,愛知県田原市,,,,大阪府交野市,兵庫県稲美町,奈良県下市町,,,,,,,,,,高知県四万十町,福岡県篠栗町,,,熊本県甲佐町,,,鹿児島県南種子町,沖縄県粟国村
31,北海道伊達市,青森県東通村,岩手県洋野町,宮城県涌谷町,,山形県飯豊町,福島県金山町,茨城県小美玉市,,群馬県明和町,埼玉県三郷市,千葉県南房総市,東京都町田市,神奈川県愛川町,,,,,,長野県富士見町,岐阜県池田町,静岡県小山町,愛知県愛西市,,,,大阪府大阪狭山市,兵庫県播磨町,奈良県黒滝村,,,,,,,,,,高知県大月町,福岡県志免町,,,熊本県山都町,,,鹿児島県屋久島町,沖縄県渡名喜村
32,北海道北広島市,青森県風間浦村,岩手県一戸町,宮城県美里町,,山形県三川町,福島県昭和村,茨城県茨城町,,群馬県千代田町,埼玉県蓮田市,千葉県匝瑳市,東京都小金井市,神奈川県清川村,,,,,,長野県原村,岐阜県北方町,静岡県吉田町,愛知県清須市,,,,大阪府阪南市,兵庫県市川町,奈良県天川村,,,,,,,,,,高知県三原村,福岡県須恵町,,,熊本県氷川町,,,鹿児島県大和村,沖縄県南大東村
33,北海道石狩市,青森県佐井村,,宮城県女川町,,山形県庄内町,福島県会津美里町,茨城県大洗町,,群馬県大泉町,埼玉県坂戸市,千葉県香取市,東京都小平市,,,,,,,長野県辰野町,岐阜県坂祝町,静岡県川根本町,愛知県北名古屋市,,,,大阪府島本町,兵庫県福崎町,奈良県野迫川村,,,,,,,,,,高知県黒潮町,福岡県新宮町,,,熊本県芦北町,,,鹿児島県宇検村,沖縄県北大東村
34,北海道北斗市,青森県三戸町,,宮城県南三陸町,,山形県遊佐町,福島県西郷村,茨城県城里町,,群馬県邑楽町,埼玉県幸手市,千葉県山武市,東京都日野市,,,,,,,長野県箕輪町,岐阜県富加町,静岡県森町,愛知県弥富市,,,,大阪府豊能町,兵庫県神河町,奈良県十津川村,,,,,,,,,,,福岡県久山町,,,熊本県津奈木町,,,鹿児島県瀬戸内町,沖縄県伊平屋村
35,北海道当別町,青森県五戸町,,,,,福島県泉崎村,茨城県東海村,,,埼玉県鶴ヶ島市,千葉県いすみ市,東京都東村山市,,,,,,,長野県飯島町,岐阜県川辺町,,愛知県みよし市,,,,大阪府能勢町,兵庫県太子町,奈良県下北山村,,,,,,,,,,,福岡県粕屋町,,,熊本県錦町,,,鹿児島県龍郷町,沖縄県伊是名村
36,北海道新篠津村,青森県田子町,,,,,福島県中島村,茨城県大子町,,,埼玉県日高市,千葉県大網白里市,東京都国分寺市,,,,,,,長野県南箕輪村,岐阜県七宗町,,愛知県あま市,,,,大阪府忠岡町,兵庫県上郡町,奈良県上北山村,,,,,,,,,,,福岡県芦屋町,,,熊本県多良木町,,,鹿児島県喜界町,沖縄県久米島町
37,北海道松前町,青森県南部町,,,,,福島県矢吹町,茨城県美浦村,,,埼玉県吉川市,千葉県酒々井町,東京都国立市,,,,,,,長野県中川村,岐阜県八百津町,,愛知県長久手市,,,,大阪府熊取町,兵庫県佐用町,奈良県川上村,,,,,,,,,,,福岡県水巻町,,,熊本県湯前町,,,鹿児島県徳之島町,沖縄県八重瀬町
38,北海道福島町,青森県階上町,,,,,福島県棚倉町,茨城県阿見町,,,埼玉県ふじみ野市,千葉県栄町,東京都福生市,,,,,,,長野県宮田村,岐阜県白川町,,愛知県東郷町,,,,大阪府田尻町,兵庫県香美町,奈良県東吉野村,,,,,,,,,,,福岡県岡垣町,,,熊本県水上村,,,鹿児島県天城町,沖縄県多良間村
39,北海道知内町,青森県新郷村,,,,,福島県矢祭町,茨城県河内町,,,埼玉県白岡市,千葉県神崎町,東京都狛江市,,,,,,,長野県松川町,岐阜県東白川村,,愛知県豊山町,,,,大阪府岬町,兵庫県新温泉町,,,,,,,,,,,,福岡県遠賀町,,,熊本県相良村,,,鹿児島県伊仙町,沖縄県竹富町
40,北海道木古内町,,,,,,福島県塙町,茨城県八千代町,,,埼玉県伊奈町,千葉県多古町,東京都東大和市,,,,,,,長野県高森町,岐阜県御嵩町,,愛知県大口町,,,,大阪府太子町,兵庫県丹波篠山市,,,,,,,,,,,,福岡県小竹町,,,熊本県五木村,,,鹿児島県和泊町,沖縄県与那国町
41,北海道七飯町,,,,,,福島県鮫川村,茨城県五霞町,,,埼玉県三芳町,千葉県東庄町,東京都清瀬市,,,,,,,長野県阿南町,岐阜県白川村,,愛知県扶桑町,,,,大阪府河南町,,,,,,,,,,,,,福岡県鞍手町,,,熊本県山江村,,,鹿児島県知名町,沖縄県所属未定地
42,北海道鹿部町,,,,,,福島県石川町,茨城県境町,,,埼玉県毛呂山町,千葉県九十九里町,東京都東久留米市,,,,,,,長野県阿智村,,,愛知県大治町,,,,大阪府千早赤阪村,,,,,,,,,,,,,福岡県桂川町,,,熊本県球磨村,,,鹿児島県与論町,
43,北海道森町,,,,,,福島県玉川村,茨城県利根町,,,埼玉県越生町,千葉県芝山町,東京都武蔵村山市,,,,,,,長野県平谷村,,,愛知県蟹江町,,,,,,,,,,,,,,,,,福岡県筑前町,,,熊本県あさぎり町,,,,
44,北海道八雲町,,,,,,福島県平田村,,,,埼玉県滑川町,千葉県横芝光町,東京都多摩市,,,,,,,長野県根羽村,,,愛知県飛島村,,,,,,,,,,,,,,,,,福岡県東峰村,,,熊本県苓北町,,,,
45,北海道長万部町,,,,,,福島県浅川町,,,,埼玉県嵐山町,千葉県一宮町,東京都稲城市,,,,,,,長野県下條村,,,愛知県阿久比町,,,,,,,,,,,,,,,,,福岡県大刀洗町,,,,,,,
46,北海道江差町,,,,,,福島県古殿町,,,,埼玉県小川町,千葉県睦沢町,東京都羽村市,,,,,,,長野県売木村,,,愛知県東浦町,,,,,,,,,,,,,,,,,福岡県大木町,,,,,,,
47,北海道上ノ国町,,,,,,福島県三春町,,,,埼玉県川島町,千葉県長生村,東京都あきる野市,,,,,,,長野県天龍村,,,愛知県南知多町,,,,,,,,,,,,,,,,,福岡県広川町,,,,,,,
48,北海道厚沢部町,,,,,,福島県小野町,,,,埼玉県吉見町,千葉県白子町,東京都西東京市,,,,,,,長野県泰阜村,,,愛知県美浜町,,,,,,,,,,,,,,,,,福岡県香春町,,,,,,,
49,北海道乙部町,,,,,,福島県広野町,,,,埼玉県鳩山町,千葉県長柄町,東京都瑞穂町,,,,,,,長野県喬木村,,,愛知県武豊町,,,,,,,,,,,,,,,,,福岡県添田町,,,,,,,
50,北海道奥尻町,,,,,,福島県楢葉町,,,,埼玉県ときがわ町,千葉県長南町,東京都日の出町,,,,,,,長野県豊丘村,,,愛知県幸田町,,,,,,,,,,,,,,,,,福岡県糸田町,,,,,,,
51,北海道今金町,,,,,,福島県富岡町,,,,埼玉県横瀬町,千葉県大多喜町,東京都檜原村,,,,,,,長野県大鹿村,,,愛知県設楽町,,,,,,,,,,,,,,,,,福岡県川崎町,,,,,,,
52,北海道せたな町,,,,,,福島県川内村,,,,埼玉県皆野町,千葉県御宿町,東京都奥多摩町,,,,,,,長野県上松町,,,愛知県東栄町,,,,,,,,,,,,,,,,,福岡県大任町,,,,,,,
53,北海道島牧村,,,,,,福島県大熊町,,,,埼玉県長瀞町,千葉県鋸南町,東京都大島町,,,,,,,長野県南木曽町,,,愛知県豊根村,,,,,,,,,,,,,,,,,福岡県赤村,,,,,,,
54,北海道寿都町,,,,,,福島県双葉町,,,,埼玉県小鹿野町,千葉県所属未定地,東京都利島村,,,,,,,長野県木祖村,,,愛知県所属未定地,,,,,,,,,,,,,,,,,福岡県福智町,,,,,,,
55,北海道黒松内町,,,,,,福島県浪江町,,,,埼玉県東秩父村,,東京都新島村,,,,,,,長野県王滝村,,,,,,,,,,,,,,,,,,,,福岡県苅田町,,,,,,,
56,北海道蘭越町,,,,,,福島県葛尾村,,,,埼玉県美里町,,東京都神津島村,,,,,,,長野県大桑村,,,,,,,,,,,,,,,,,,,,福岡県みやこ町,,,,,,,
57,北海道ニセコ町,,,,,,福島県新地町,,,,埼玉県神川町,,東京都三宅村,,,,,,,長野県木曽町,,,,,,,,,,,,,,,,,,,,福岡県吉富町,,,,,,,
58,北海道真狩村,,,,,,福島県飯舘村,,,,埼玉県上里町,,東京都御蔵島村,,,,,,,長野県麻績村,,,,,,,,,,,,,,,,,,,,福岡県上毛町,,,,,,,
59,北海道留寿都村,,,,,,,,,,埼玉県寄居町,,東京都八丈町,,,,,,,長野県生坂村,,,,,,,,,,,,,,,,,,,,福岡県築上町,,,,,,,
60,北海道喜茂別町,,,,,,,,,,埼玉県宮代町,,東京都青ヶ島村,,,,,,,長野県山形村,,,,,,,,,,,,,,,,,,,,,,,,,,,
61,北海道京極町,,,,,,,,,,埼玉県杉戸町,,東京都小笠原村,,,,,,,長野県朝日村,,,,,,,,,,,,,,,,,,,,,,,,,,,
62,北海道倶知安町,,,,,,,,,,埼玉県松伏町,,東京都所属未定地,,,,,,,長野県筑北村,,,,,,,,,,,,,,,,,,,,,,,,,,,
63,北海道共和町,,,,,,,,,,,,,,,,,,,長野県池田町,,,,,,,,,,,,,,,,,,,,,,,,,,,
64,北海道岩内町,,,,,,,,,,,,,,,,,,,長野県松川村,,,,,,,,,,,,,,,,,,,,,,,,,,,
65,北海道泊村,,,,,,,,,,,,,,,,,,,長野県白馬村,,,,,,,,,,,,,,,,,,,,,,,,,,,
66,北海道神恵内村,,,,,,,,,,,,,,,,,,,長野県小谷村,,,,,,,,,,,,,,,,,,,,,,,,,,,
67,北海道積丹町,,,,,,,,,,,,,,,,,,,長野県坂城町,,,,,,,,,,,,,,,,,,,,,,,,,,,
68,北海道古平町,,,,,,,,,,,,,,,,,,,長野県小布施町,,,,,,,,,,,,,,,,,,,,,,,,,,,
69,北海道仁木町,,,,,,,,,,,,,,,,,,,長野県高山村,,,,,,,,,,,,,,,,,,,,,,,,,,,
70,北海道余市町,,,,,,,,,,,,,,,,,,,長野県山ノ内町,,,,,,,,,,,,,,,,,,,,,,,,,,,
71,北海道赤井川村,,,,,,,,,,,,,,,,,,,長野県木島平村,,,,,,,,,,,,,,,,,,,,,,,,,,,
72,北海道南幌町,,,,,,,,,,,,,,,,,,,長野県野沢温泉村,,,,,,,,,,,,,,,,,,,,,,,,,,,
73,北海道奈井江町,,,,,,,,,,,,,,,,,,,長野県信濃町,,,,,,,,,,,,,,,,,,,,,,,,,,,
74,北海道上砂川町,,,,,,,,,,,,,,,,,,,長野県小川村,,,,,,,,,,,,,,,,,,,,,,,,,,,
75,北海道由仁町,,,,,,,,,,,,,,,,,,,長野県飯綱町,,,,,,,,,,,,,,,,,,,,,,,,,,,
76,北海道長沼町,,,,,,,,,,,,,,,,,,,長野県栄村,,,,,,,,,,,,,,,,,,,,,,,,,,,
77,北海道栗山町,,,,,,,,,,,,,,,,,,,,,,,,,,,,,,,,,,,,,,,,,,,,,,
78,北海道月形町,,,,,,,,,,,,,,,,,,,,,,,,,,,,,,,,,,,,,,,,,,,,,,
79,北海道浦臼町,,,,,,,,,,,,,,,,,,,,,,,,,,,,,,,,,,,,,,,,,,,,,,
80,北海道新十津川町,,,,,,,,,,,,,,,,,,,,,,,,,,,,,,,,,,,,,,,,,,,,,,
81,北海道妹背牛町,,,,,,,,,,,,,,,,,,,,,,,,,,,,,,,,,,,,,,,,,,,,,,
82,北海道秩父別町,,,,,,,,,,,,,,,,,,,,,,,,,,,,,,,,,,,,,,,,,,,,,,
83,北海道雨竜町,,,,,,,,,,,,,,,,,,,,,,,,,,,,,,,,,,,,,,,,,,,,,,
84,北海道北竜町,,,,,,,,,,,,,,,,,,,,,,,,,,,,,,,,,,,,,,,,,,,,,,
85,北海道沼田町,,,,,,,,,,,,,,,,,,,,,,,,,,,,,,,,,,,,,,,,,,,,,,
86,北海道鷹栖町,,,,,,,,,,,,,,,,,,,,,,,,,,,,,,,,,,,,,,,,,,,,,,
87,北海道東神楽町,,,,,,,,,,,,,,,,,,,,,,,,,,,,,,,,,,,,,,,,,,,,,,
88,北海道当麻町,,,,,,,,,,,,,,,,,,,,,,,,,,,,,,,,,,,,,,,,,,,,,,
89,北海道比布町,,,,,,,,,,,,,,,,,,,,,,,,,,,,,,,,,,,,,,,,,,,,,,
90,北海道愛別町,,,,,,,,,,,,,,,,,,,,,,,,,,,,,,,,,,,,,,,,,,,,,,
91,北海道上川町,,,,,,,,,,,,,,,,,,,,,,,,,,,,,,,,,,,,,,,,,,,,,,
92,北海道東川町,,,,,,,,,,,,,,,,,,,,,,,,,,,,,,,,,,,,,,,,,,,,,,
93,北海道美瑛町,,,,,,,,,,,,,,,,,,,,,,,,,,,,,,,,,,,,,,,,,,,,,,
94,北海道上富良野町,,,,,,,,,,,,,,,,,,,,,,,,,,,,,,,,,,,,,,,,,,,,,,
95,北海道中富良野町,,,,,,,,,,,,,,,,,,,,,,,,,,,,,,,,,,,,,,,,,,,,,,
96,北海道南富良野町,,,,,,,,,,,,,,,,,,,,,,,,,,,,,,,,,,,,,,,,,,,,,,
97,北海道占冠村,,,,,,,,,,,,,,,,,,,,,,,,,,,,,,,,,,,,,,,,,,,,,,
98,北海道和寒町,,,,,,,,,,,,,,,,,,,,,,,,,,,,,,,,,,,,,,,,,,,,,,
99,北海道剣淵町,,,,,,,,,,,,,,,,,,,,,,,,,,,,,,,,,,,,,,,,,,,,,,
100,北海道下川町,,,,,,,,,,,,,,,,,,,,,,,,,,,,,,,,,,,,,,,,,,,,,,
101,北海道美深町,,,,,,,,,,,,,,,,,,,,,,,,,,,,,,,,,,,,,,,,,,,,,,
102,北海道音威子府村,,,,,,,,,,,,,,,,,,,,,,,,,,,,,,,,,,,,,,,,,,,,,,
103,北海道中川町,,,,,,,,,,,,,,,,,,,,,,,,,,,,,,,,,,,,,,,,,,,,,,
104,北海道幌加内町,,,,,,,,,,,,,,,,,,,,,,,,,,,,,,,,,,,,,,,,,,,,,,
105,北海道増毛町,,,,,,,,,,,,,,,,,,,,,,,,,,,,,,,,,,,,,,,,,,,,,,
106,北海道小平町,,,,,,,,,,,,,,,,,,,,,,,,,,,,,,,,,,,,,,,,,,,,,,
107,北海道苫前町,,,,,,,,,,,,,,,,,,,,,,,,,,,,,,,,,,,,,,,,,,,,,,
108,北海道羽幌町,,,,,,,,,,,,,,,,,,,,,,,,,,,,,,,,,,,,,,,,,,,,,,
109,北海道初山別村,,,,,,,,,,,,,,,,,,,,,,,,,,,,,,,,,,,,,,,,,,,,,,
110,北海道遠別町,,,,,,,,,,,,,,,,,,,,,,,,,,,,,,,,,,,,,,,,,,,,,,
111,北海道天塩町,,,,,,,,,,,,,,,,,,,,,,,,,,,,,,,,,,,,,,,,,,,,,,
112,北海道猿払村,,,,,,,,,,,,,,,,,,,,,,,,,,,,,,,,,,,,,,,,,,,,,,
113,北海道浜頓別町,,,,,,,,,,,,,,,,,,,,,,,,,,,,,,,,,,,,,,,,,,,,,,
114,北海道中頓別町,,,,,,,,,,,,,,,,,,,,,,,,,,,,,,,,,,,,,,,,,,,,,,
115,北海道枝幸町,,,,,,,,,,,,,,,,,,,,,,,,,,,,,,,,,,,,,,,,,,,,,,
116,北海道豊富町,,,,,,,,,,,,,,,,,,,,,,,,,,,,,,,,,,,,,,,,,,,,,,
117,北海道礼文町,,,,,,,,,,,,,,,,,,,,,,,,,,,,,,,,,,,,,,,,,,,,,,
118,北海道利尻町,,,,,,,,,,,,,,,,,,,,,,,,,,,,,,,,,,,,,,,,,,,,,,
119,北海道利尻富士町,,,,,,,,,,,,,,,,,,,,,,,,,,,,,,,,,,,,,,,,,,,,,,
120,北海道幌延町,,,,,,,,,,,,,,,,,,,,,,,,,,,,,,,,,,,,,,,,,,,,,,
121,北海道美幌町,,,,,,,,,,,,,,,,,,,,,,,,,,,,,,,,,,,,,,,,,,,,,,
122,北海道津別町,,,,,,,,,,,,,,,,,,,,,,,,,,,,,,,,,,,,,,,,,,,,,,
123,北海道斜里町,,,,,,,,,,,,,,,,,,,,,,,,,,,,,,,,,,,,,,,,,,,,,,
124,北海道清里町,,,,,,,,,,,,,,,,,,,,,,,,,,,,,,,,,,,,,,,,,,,,,,
125,北海道小清水町,,,,,,,,,,,,,,,,,,,,,,,,,,,,,,,,,,,,,,,,,,,,,,
126,北海道訓子府町,,,,,,,,,,,,,,,,,,,,,,,,,,,,,,,,,,,,,,,,,,,,,,
127,北海道置戸町,,,,,,,,,,,,,,,,,,,,,,,,,,,,,,,,,,,,,,,,,,,,,,
128,北海道佐呂間町,,,,,,,,,,,,,,,,,,,,,,,,,,,,,,,,,,,,,,,,,,,,,,
129,北海道遠軽町,,,,,,,,,,,,,,,,,,,,,,,,,,,,,,,,,,,,,,,,,,,,,,
130,北海道湧別町,,,,,,,,,,,,,,,,,,,,,,,,,,,,,,,,,,,,,,,,,,,,,,
131,北海道滝上町,,,,,,,,,,,,,,,,,,,,,,,,,,,,,,,,,,,,,,,,,,,,,,
132,北海道興部町,,,,,,,,,,,,,,,,,,,,,,,,,,,,,,,,,,,,,,,,,,,,,,
133,北海道西興部村,,,,,,,,,,,,,,,,,,,,,,,,,,,,,,,,,,,,,,,,,,,,,,
134,北海道雄武町,,,,,,,,,,,,,,,,,,,,,,,,,,,,,,,,,,,,,,,,,,,,,,
135,北海道大空町,,,,,,,,,,,,,,,,,,,,,,,,,,,,,,,,,,,,,,,,,,,,,,
136,北海道豊浦町,,,,,,,,,,,,,,,,,,,,,,,,,,,,,,,,,,,,,,,,,,,,,,
137,北海道壮瞥町,,,,,,,,,,,,,,,,,,,,,,,,,,,,,,,,,,,,,,,,,,,,,,
138,北海道白老町,,,,,,,,,,,,,,,,,,,,,,,,,,,,,,,,,,,,,,,,,,,,,,
139,北海道厚真町,,,,,,,,,,,,,,,,,,,,,,,,,,,,,,,,,,,,,,,,,,,,,,
140,北海道洞爺湖町,,,,,,,,,,,,,,,,,,,,,,,,,,,,,,,,,,,,,,,,,,,,,,
141,北海道安平町,,,,,,,,,,,,,,,,,,,,,,,,,,,,,,,,,,,,,,,,,,,,,,
142,北海道むかわ町,,,,,,,,,,,,,,,,,,,,,,,,,,,,,,,,,,,,,,,,,,,,,,
143,北海道日高町,,,,,,,,,,,,,,,,,,,,,,,,,,,,,,,,,,,,,,,,,,,,,,
144,北海道平取町,,,,,,,,,,,,,,,,,,,,,,,,,,,,,,,,,,,,,,,,,,,,,,
145,北海道新冠町,,,,,,,,,,,,,,,,,,,,,,,,,,,,,,,,,,,,,,,,,,,,,,
146,北海道浦河町,,,,,,,,,,,,,,,,,,,,,,,,,,,,,,,,,,,,,,,,,,,,,,
147,北海道様似町,,,,,,,,,,,,,,,,,,,,,,,,,,,,,,,,,,,,,,,,,,,,,,
148,北海道えりも町,,,,,,,,,,,,,,,,,,,,,,,,,,,,,,,,,,,,,,,,,,,,,,
149,北海道新ひだか町,,,,,,,,,,,,,,,,,,,,,,,,,,,,,,,,,,,,,,,,,,,,,,
150,北海道音更町,,,,,,,,,,,,,,,,,,,,,,,,,,,,,,,,,,,,,,,,,,,,,,
151,北海道士幌町,,,,,,,,,,,,,,,,,,,,,,,,,,,,,,,,,,,,,,,,,,,,,,
152,北海道上士幌町,,,,,,,,,,,,,,,,,,,,,,,,,,,,,,,,,,,,,,,,,,,,,,
153,北海道鹿追町,,,,,,,,,,,,,,,,,,,,,,,,,,,,,,,,,,,,,,,,,,,,,,
154,北海道新得町,,,,,,,,,,,,,,,,,,,,,,,,,,,,,,,,,,,,,,,,,,,,,,
155,北海道清水町,,,,,,,,,,,,,,,,,,,,,,,,,,,,,,,,,,,,,,,,,,,,,,
156,北海道芽室町,,,,,,,,,,,,,,,,,,,,,,,,,,,,,,,,,,,,,,,,,,,,,,
157,北海道中札内村,,,,,,,,,,,,,,,,,,,,,,,,,,,,,,,,,,,,,,,,,,,,,,
158,北海道更別村,,,,,,,,,,,,,,,,,,,,,,,,,,,,,,,,,,,,,,,,,,,,,,
159,北海道大樹町,,,,,,,,,,,,,,,,,,,,,,,,,,,,,,,,,,,,,,,,,,,,,,
160,北海道広尾町,,,,,,,,,,,,,,,,,,,,,,,,,,,,,,,,,,,,,,,,,,,,,,
161,北海道幕別町,,,,,,,,,,,,,,,,,,,,,,,,,,,,,,,,,,,,,,,,,,,,,,
162,北海道池田町,,,,,,,,,,,,,,,,,,,,,,,,,,,,,,,,,,,,,,,,,,,,,,
163,北海道豊頃町,,,,,,,,,,,,,,,,,,,,,,,,,,,,,,,,,,,,,,,,,,,,,,
164,北海道本別町,,,,,,,,,,,,,,,,,,,,,,,,,,,,,,,,,,,,,,,,,,,,,,
165,北海道足寄町,,,,,,,,,,,,,,,,,,,,,,,,,,,,,,,,,,,,,,,,,,,,,,
166,北海道陸別町,,,,,,,,,,,,,,,,,,,,,,,,,,,,,,,,,,,,,,,,,,,,,,
167,北海道浦幌町,,,,,,,,,,,,,,,,,,,,,,,,,,,,,,,,,,,,,,,,,,,,,,
168,北海道釧路町,,,,,,,,,,,,,,,,,,,,,,,,,,,,,,,,,,,,,,,,,,,,,,
169,北海道厚岸町,,,,,,,,,,,,,,,,,,,,,,,,,,,,,,,,,,,,,,,,,,,,,,
170,北海道浜中町,,,,,,,,,,,,,,,,,,,,,,,,,,,,,,,,,,,,,,,,,,,,,,
171,北海道標茶町,,,,,,,,,,,,,,,,,,,,,,,,,,,,,,,,,,,,,,,,,,,,,,
172,北海道弟子屈町,,,,,,,,,,,,,,,,,,,,,,,,,,,,,,,,,,,,,,,,,,,,,,
173,北海道鶴居村,,,,,,,,,,,,,,,,,,,,,,,,,,,,,,,,,,,,,,,,,,,,,,
174,北海道白糠町,,,,,,,,,,,,,,,,,,,,,,,,,,,,,,,,,,,,,,,,,,,,,,
175,北海道別海町,,,,,,,,,,,,,,,,,,,,,,,,,,,,,,,,,,,,,,,,,,,,,,
176,北海道中標津町,,,,,,,,,,,,,,,,,,,,,,,,,,,,,,,,,,,,,,,,,,,,,,
177,北海道標津町,,,,,,,,,,,,,,,,,,,,,,,,,,,,,,,,,,,,,,,,,,,,,,
178,北海道羅臼町,,,,,,,,,,,,,,,,,,,,,,,,,,,,,,,,,,,,,,,,,,,,,,
179,北海道色丹村,,,,,,,,,,,,,,,,,,,,,,,,,,,,,,,,,,,,,,,,,,,,,,
180,北海道泊村,,,,,,,,,,,,,,,,,,,,,,,,,,,,,,,,,,,,,,,,,,,,,,
181,北海道留夜別村,,,,,,,,,,,,,,,,,,,,,,,,,,,,,,,,,,,,,,,,,,,,,,
182,北海道留別村,,,,,,,,,,,,,,,,,,,,,,,,,,,,,,,,,,,,,,,,,,,,,,
183,北海道紗那村,,,,,,,,,,,,,,,,,,,,,,,,,,,,,,,,,,,,,,,,,,,,,,
184,北海道蘂取村,,,,,,,,,,,,,,,,,,,,,,,,,,,,,,,,,,,,,,,,,,,,,,
